x,y,label
-2.8663006316571478,0.8431832613870659,0
-2.1390746199859922,1.4139505516063404,0
-1.537203097780468,1.8398238870094448,0
-1.7207400625800353,1.3735495575302268,0
-0.5184277131283412,0.9502582961726955,0
-0.932542669920641,0.8586646137335826,0
-2.0142981995128575,1.9474311911259945,0
0.387972070244198,1.558833086050132,0
-1.5452386204697894,1.250754249627622,0
-2.2219729521775182,0.5381711279322318,0
-2.597877857230981,1.108306016287864,0
-0.28765515565850486,-0.1255232208074406,0
-0.5910360872390226,1.5113042635210125,0
-0.024538416727069023,2.742582451102489,0
-0.3889739776804043,-0.05513820259564062,0
-0.31354987533777046,2.28884036494743,0
-1.947364636920641,1.075108927427747,0
-1.2551072112914468,1.304716605635737,0
-0.6373636739607981,-0.16365351589630173,0
-0.4441106528380412,0.04138394146124702,0
-0.36460229543473355,-0.05601622868844003,0
-0.7939321066265295,0.38847044063880376,0
-0.5176469730002006,1.6933569755987348,0
-2.283691634766168,1.801238077776048,0
0.7482633860883354,0.9522465603755419,0
-2.1316087875274814,0.6775178790595877,0
-1.316308355664392,0.013595184235300373,0
-2.0396997054264414,1.1155204937995071,0
-1.2963723179554592,0.6957302278200261,0
-0.5171345920802048,-0.8144703722850026,0
-1.6492817048551418,1.7306450555908803,0
-0.3592398531283306,1.8436330570617268,0
-2.327184280305113,1.4102904762605675,0
-0.9660319359468929,1.5458669286355116,0
-0.9520007280684399,0.8231970019390957,0
-0.6224112420843537,0.24117326810173245,0
-0.3548105064152174,1.6975575024201648,0
-1.0470322670232086,0.16673200232126206,0
-1.1959967663594955,3.198778942284705,0
-0.08311500819187956,0.55377221642275,0
0.36629577380026945,1.5471052713646223,0
-0.5446046360039156,0.010989850886819363,0
-2.406047702107113,0.4782640049490533,0
-0.4942843662872687,0.45680212806598697,0
-1.5627414690897465,0.4311182025305127,0
1.3065255027294964,-0.38051086563191716,0
0.33991002452463914,2.135455047477687,0
-2.1822641968062744,1.4943267818940384,0
-1.9759462813419777,0.23255404782214883,0
-1.0123828915143118,-0.9315214638223304,0
-0.4559791085099526,1.4129542341872412,0
1.4272631012838413,0.7411699374693055,0
-2.270116431260086,1.3765023764912077,0
-1.6252756779211377,1.5786954579835202,0
-0.1394935129413658,1.9618551408428662,0
-1.6967897290576472,2.8958509088704165,0
-0.030553809432643964,0.47750179281636984,0
-1.0229800052186666,0.8610799867863648,0
0.6471027806622918,1.1681300362079623,0
-1.0404807952227557,0.8430804376412155,0
-0.9785303447110829,2.1298616489026516,0
-1.026278615056346,0.4933535804302991,0
-3.4201045602303175,0.46414182393188674,0
-0.7589014398477378,0.871682691470606,0
-2.869768346794795,0.2542690879222156,0
-2.6901272923796444,0.6092576803148739,0
-0.735683861018789,0.4239637325989657,0
-1.219459647567437,1.1617084656961794,0
-1.730128399919539,0.5436070419468345,0
-0.439537863680593,0.1912980749850205,0
0.17220782785006117,-0.2663424722275829,0
-0.4631045508834256,0.9665729794344456,0
0.9501254911914558,1.2686432101376632,0
-2.341314628298382,-0.06784408125795527,0
-1.0008208318969938,2.1052937958019653,0
-1.0266022107855142,1.7860965259614408,0
0.33056281810972066,1.0914047553590966,0
-1.924807292779438,1.0997116576879595,0
1.0983888329222498,0.45214266440778894,0
-1.0602878430817753,-0.5819379965151894,0
-0.2603288874778481,0.9304257111324232,0
-1.8887467476616073,2.168981956076387,0
-1.20131670742575,0.2749328936963664,0
1.015190170498144,2.470418007878052,0
-2.3728900878988473,0.21341728155989703,0
0.023436705791566537,1.2585216639916015,0
0.43209504628264894,1.2888651937840268,0
-0.259782240489685,2.3257122331478532,0
-2.939372609181012,2.6911920055378835,0
-0.5347963251142775,0.5342541472140852,0
-1.4552861690826906,2.682553580414702,0
0.12621213303016532,4.141211221202875,0
-0.9196498195971625,2.195782956701423,0
0.029007806313449347,1.4245300035169384,0
-1.730064174853991,2.571843159751163,0
-1.4553586017500582,0.20161305930297868,0
-0.7547438415202204,1.652343174926545,0
-1.7316038376260143,1.927343155085181,0
0.02929742950606795,-0.3001316430087724,0
-0.9497638088940583,2.8311911904627967,0
-2.2817717280604,1.7486015968087654,0
-0.6468734964365345,0.47119615292045625,0
-1.489295652503418,2.4084125206505425,0
0.16796544739988217,1.8098732435116527,0
-1.020902707118607,2.649178013308213,0
-1.529430626098362,-0.20603971664237197,0
-1.6869303847554322,2.226304866487096,0
-1.496468254377596,2.9155247031444524,0
-0.5775279145879044,-0.3124445098623738,0
-0.7295999391689341,-0.08205969678481417,0
-0.32856752626587515,-0.12386120971121795,0
-0.04991884089405685,1.0754107003346158,0
-2.359749222306265,1.3599563382036082,0
-0.04456175480523683,2.075613207935849,0
-2.037681920530699,-0.9264949576500427,0
-2.557620255781911,1.095005969570896,0
-1.590211728653486,1.2020557444314683,0
-1.1038272293934293,2.0552461264765807,0
-1.3211088398860902,1.7512836337436388,0
-0.004743664353199728,1.3422657623122474,0
-1.9031775160228883,1.292950958614076,0
0.14893537559583692,1.1443481615890354,0
-2.0079899933206304,1.6249195680884339,0
-1.74051329065301,1.6114985055250808,0
-0.35883099076515823,2.262591549253374,0
-0.4165353600333128,-0.2326307735309343,0
0.0357931358692376,0.3832058027499953,0
-2.1212468130934976,2.1048733999644496,0
-1.2871623643249432,1.565483159668831,0
-0.8875254680552979,-0.2105367344414577,0
-1.5846539369768813,0.7829952164560193,0
-0.1358779143451857,-0.5976946075258642,0
-0.18473143810851433,1.1840248787388372,0
-1.4199832249078779,1.504707505789304,0
-0.7596379910277501,0.5960044165772687,0
0.5996267625599503,1.3925677497532267,0
-2.2461895587396006,-0.368549800386077,0
0.5588485318172041,0.046816188053793284,0
-0.4298268241789076,-0.41707385542915487,0
-1.2645887652468697,1.0862473629356517,0
-0.7491659451074174,0.9745267365349783,0
0.6941975314011655,1.542092764526538,0
-1.9348538052005282,0.6364686831810111,0
-1.4571936602066184,1.6487450939298447,0
-2.0190410330094863,0.9966499115046007,0
-1.1869319384957628,2.3139257834106868,0
-0.6859619624319836,0.696384094732422,0
-1.2596420025183401,1.8179718302880625,0
-0.058554684147985814,-0.37211021829808444,0
-0.47050717342394877,0.9628005749942578,0
-0.18527511469700786,2.7843399474653134,0
-1.4897286797768463,0.33024765220866537,0
-1.2435140081709362,1.7460977776548718,0
-0.1776157864139073,-0.5099835655618459,0
-1.817873995274816,0.7025195953741201,0
-1.592053194848069,0.7045028712870185,0
-1.406705190771799,0.028167888763295124,0
-0.5562905097199826,2.134292445771189,0
-1.187070519872705,-1.393635134450093,0
-2.1757497193038686,0.7821514869715701,0
-1.8272939607498324,0.9768179131424165,0
-1.306973322844666,1.3622914179487473,0
-2.125581785486103,1.2342336351400958,0
0.021782582643770976,0.13024232605321306,0
-2.1479333215430527,1.3032055268890708,0
-2.3777078664397813,1.7736844774864604,0
-0.1163712786402118,1.511176567158245,0
1.1784834421699948,2.2106240274110363,0
-1.5610047008979353,0.40419385862626034,0
-0.9710974607724803,1.3599175685122011,0
-1.3323306744943562,1.1369329517107756,0
-0.04285944879708736,-0.8170680688704204,0
-1.2219551957812822,0.6827906253200042,0
0.4566309262676238,0.009751923248090821,0
0.08976447682134614,-0.09060137935451551,0
-0.4992802741915787,1.6559147347478564,0
-1.6154646530692016,3.04682109002231,0
-0.374909842495212,1.14780554023639,0
-3.7072235486467386,2.765528819570841,0
-2.6409038574507635,1.148554454523068,0
0.3684236103820415,1.0676996345075458,0
0.6820374107467466,-0.5148894828789554,0
-2.290574347006176,0.4431816705127942,0
-0.7508781504476802,1.2836435332926643,0
-0.3572397104088091,0.7888199231840309,0
-0.00876712983659067,1.543120584728481,0
-0.04867707569150048,0.5300688892070923,0
-1.324322420087784,0.0797905427429384,0
-2.018599236455068,1.5921526711092246,0
-2.5785668272535593,-0.32060532427230903,0
-0.35792905645875983,1.2915929347470632,0
-0.9707457584300915,-0.6312297893079655,0
-0.5045969716728262,2.8663352226266463,0
-0.6812310270695064,-0.4130790909503925,0
-1.121776655353937,1.387588436776156,0
1.273830469826705,1.648938329903347,0
0.1537262574813394,1.1986406798738796,0
0.5946951796632887,0.23943850212579199,0
-0.544919736902606,2.1529202711264945,0
-2.0410353854253267,0.8331089756166168,0
-1.2414299839173908,2.1214524309108347,0
-2.8318028943071023,1.6355341302329505,0
-0.15258183264229896,0.3542479494568236,0
-0.8465798961643289,0.7034720832993603,0
-2.2725089842667625,0.20601547242086993,0
-1.7918110432168608,0.1392586935245883,0
0.3903385542779958,1.5115122379002877,0
-0.2337536647280779,1.9152199284499036,0
0.2517954345800295,2.7353156765589115,0
-0.8967132531982089,1.5370785659751713,0
-2.551827953149343,2.749567566774906,0
-1.6109656141277071,-0.07479561257882317,0
-0.8155744473199188,-0.3316676691444318,0
-1.8685259632054216,-1.1144541783923532,0
-1.3884699221890833,1.6170027177101678,0
-0.5088227875602304,0.5606183124711851,0
-1.1973994351973665,0.45598753410138004,0
-3.4498417538158703,1.4798962749461682,0
-0.13141577026039242,-0.5452164006475528,0
-0.45506094826000787,2.183087037996006,0
-1.6586413662505533,0.4433201819068786,0
-2.136924118906351,0.7925243698081565,0
-1.0608030129359918,-0.08303066206009002,0
-1.3503706809850922,0.6029087060879434,0
-0.23311498579424028,1.5061076557506743,0
-0.9208408370106451,0.45268130785946303,0
-0.7012397667185043,1.1239587512104567,0
-0.11877019133613098,0.6105217318914078,0
-0.8179523833040273,1.3163632483599867,0
0.19139411558114405,1.565237370031151,0
-1.7716057991471004,2.1705483567146238,0
0.3761404462707407,0.13922193368761226,0
-1.0922634155719733,0.5809737107524968,0
-0.05528489216293819,-0.0370749528788159,0
-1.0970277054574777,1.9966612391361838,0
-0.05893460388319083,1.5974144270782231,0
-1.5253484961316555,1.2493442623045814,0
0.294538917406308,1.402412249937762,0
-0.9795807987622506,1.6687177511536007,0
-0.5433305078869107,-0.18872247539927423,0
0.14156156349192917,1.3573605213862119,0
-1.1730534763369702,1.879150638753933,0
-0.6213156547982374,1.8998301779175761,0
-0.1148833582295864,0.923415377270101,0
0.07489960411784913,0.005324288768731145,0
0.039753116133091515,1.2972895614485214,0
0.6858237609198601,2.2562458035388504,0
0.8163311230159915,0.4003460117380959,0
-1.129816600112138,1.548002116397715,0
-1.5691968680145258,0.36309858182817867,0
-0.9882417948642798,1.1963222218615237,0
-1.8712594905263542,-0.2541816288724146,0
-1.7936950772643718,-0.7106883495763878,0
-2.0083394241277737,0.22419430556826847,0
-1.7407742479040325,1.7898804233867058,0
0.9275596593575297,0.03339954117991761,0
-2.504879248762265,1.0984276062212335,0
-0.2918505731575639,-0.09185552884795656,0
-0.8617486492353768,0.3989088689685185,0
-0.5963143000552873,0.7333254836412129,0
-1.2103194549178262,-0.4317850126208511,0
0.2674279249183995,1.231739092482567,0
-1.208635239239893,-1.7772308322410164,0
-0.7805422322614994,1.0978547440327733,0
-0.536979562807307,0.3869651829265218,0
-1.5563623346805677,1.54969309987773,0
-0.5577094130395124,1.4086644746259966,0
-0.902191515434379,0.9903569924647232,0
0.7344446524364554,1.8507848909142224,0
-1.5813210977218999,0.03935876197835586,0
-1.3758448395112153,1.7883531961896408,0
-2.2307407215471233,0.5823371097148158,0
-0.9754642772626383,-0.6138644342406652,0
-2.0645489730823536,0.5795393505593668,0
-0.492544086017775,3.272990291019685,0
-1.3286123257236913,0.9076535315848615,0
-2.243168109263517,1.1897266642597932,0
-1.5190857355348244,1.1538968195416146,0
-0.7599393695068994,0.8466681337019133,0
-0.13671810407804152,1.492414975056458,0
-1.0662166064107097,1.000847161751504,0
-1.056482332012398,1.0630995167984816,0
-0.3503570437662207,1.3728910975546011,0
-0.4549442195283814,0.23444830225731284,0
-1.3360585063218158,1.4643503417773536,0
-0.9115425992074977,0.6151139679840187,0
-0.44073308106265097,-0.1729429502146902,0
-0.9451530410311331,0.015473700544768265,0
-0.9593469082178989,1.2081380942310447,0
0.5369513209857608,0.7089085120917402,0
-0.8316089201415496,1.4099099339149388,0
-2.392077222796427,2.1261014213031015,0
-0.7253396777554807,1.213393829393697,0
-1.1192646739640664,1.635072694877695,0
-1.253486272372962,1.0179787839706271,0
-1.9718339609535582,1.7185726402134192,0
-0.3763998204621314,0.06387414608592012,0
-1.4752323368719786,0.9092329055085331,0
-0.9251087747307555,0.9991726945549005,0
-0.23888202651205648,1.7329798377166248,0
-0.14390029930970638,1.293615302853941,0
-0.9162392960493735,1.0019468804364504,0
-0.40664603473472916,0.7234750200976217,0
-0.8364214594138887,1.2097709228800237,0
-0.8769321171307282,2.7094047354972224,0
-0.9569536091100808,1.717781941781813,0
-0.6925051664200395,1.078162594659291,0
-0.12647286697808058,1.2408052485060936,0
-0.6711315136894098,-0.6949369726807035,0
-1.8702291173690795,0.8124583076138663,0
0.1113454481457552,2.3127146509491703,0
-0.9731416783254242,0.7543658037384458,0
-0.8968374282411707,1.086930844158003,0
-0.5578588109564377,-0.6136744595134078,0
-1.3106641501844236,1.1334622964772554,0
-1.7886915856947665,2.3521060291980587,0
-1.0589066260382858,0.12313460274321664,0
-1.900983232393762,1.010093482561304,0
-1.8016620384750546,1.7925437625047476,0
-0.7443693150723691,1.4072409701260116,0
-2.539719050103219,0.920384703948513,0
0.041295768314207004,0.9575108064959079,0
-0.7249693616812498,-0.9001872784924576,0
0.7958505813497665,0.599268751410838,0
-1.0838493550853294,0.22080305696062397,0
-3.287301388791348,-0.07595593021942704,0
-0.4898093929740338,0.9692017332816849,0
-1.6269365650924272,1.1797802426740251,0
0.17921988594175864,-0.43451973866049465,0
-1.4468639885310954,1.103021369163338,0
-1.5302779313333765,0.6059679229256186,0
-1.3537814049765196,0.43526769692304845,0
-0.10757326258240307,1.343163890065634,0
-2.078056845685858,2.1804574523369844,0
-1.4394325914669912,-0.4867645800786182,0
-1.2150730081223653,0.3936584456424491,0
-1.4791943835182078,-0.48925094667810454,0
0.9222048819576458,0.6838964511120448,0
-0.3617064664384988,-1.2574194722336642,0
-1.6971043767946505,1.1168100034451311,0
-0.9683229404179583,1.122506867251974,0
-1.649021928061991,0.36632630158179735,0
-0.284754142428548,-0.04884189381194837,0
-0.519510038113532,0.41914186610066084,0
0.766680654766031,2.7303888797354245,0
-1.398770495754282,1.439240926869989,0
-1.9944311759050073,0.42657457996284875,0
-0.4464975354801515,-0.4084993174045135,0
-0.4597866294590739,0.2668771469314263,0
-0.8373943714111544,1.0368824405057444,0
-1.5704832600106302,1.3547659338473237,0
-0.9527255843913346,0.6337456582991601,0
0.30655650335997375,1.40033056245825,0
-1.8372387705230102,1.3413531983907188,0
-1.0980055759690355,0.43045294090449127,0
-1.1516848098488193,1.220750270565236,0
-1.8775487707476366,1.297855198496537,0
-0.7069958642535785,0.8664324515288485,0
-1.086051369183608,0.31177477365930983,0
-2.0983719395626155,1.033387357327913,0
-0.45583846862536115,0.48309679833369834,0
-1.0581456927048856,1.2375201871912465,0
-0.29063207818062053,0.5940267051281446,0
-1.094823650781425,1.7906963033842218,0
0.10052556519426425,0.5564363171792985,0
0.25044342503498496,0.6195663009874357,0
0.31595267504389013,1.0438042152794196,0
-0.05423392509960212,2.322656856867088,0
0.48187613555826014,-0.9776249695110728,0
-0.6405832755430794,1.2070525366066067,0
1.5108963756526048,1.4070188877767942,0
-1.5186760697370234,0.03397311035533512,0
-0.04170815900137648,2.261312753408703,0
-0.6303700855364329,0.7427510169084005,0
0.9007666674821355,0.4711798696758789,0
0.24483078687809745,1.8989486383326912,0
-0.4496365569725477,0.6593132680629412,0
-0.15084038253282128,0.28010151397537375,0
-0.9500369749761707,1.9667433090364834,0
-2.2209622691885125,0.7673764266552886,0
-0.4327731711700744,0.5149382009402825,0
-1.7170184379130147,0.8200665730173432,0
0.27163601234456114,2.6813876241925643,0
-0.835733573863022,-1.4844955762178822,0
-2.4039944811749447,-0.5859993464052313,0
1.1668937317825194,1.1974166735420457,0
-0.7565999207503531,1.6069631173931747,0
-1.762920301801697,1.4041311443284896,0
-1.2134675087583073,1.0319508015235646,0
0.07519054871398545,1.2883254907951807,0
-1.2009838587125672,0.43801155018421434,0
0.7061225871436201,1.031434292614515,0
-0.30255826438185485,0.17536477852255528,0
0.05157983178857095,1.6752081240259866,0
-2.8081519972041793,0.9846653749724517,0
-0.9282498584607136,1.8227147098487362,0
-2.864155353898173,2.361377930979343,0
-0.34113415204483866,0.21610329585236532,0
-1.1047128899464929,0.7549527777116881,0
-1.7295792806434342,1.536749767578621,0
-0.9457585137398579,0.5580121443570257,0
-1.0631402440746602,1.680260926092112,0
-0.9291721039779426,0.7309962134185151,0
-1.5048920140167894,0.8120880022454189,0
-1.2260079749139723,1.1173561727294796,0
-1.5405789772530434,0.20042949016696032,0
-0.31226448463746237,0.6473998184313026,0
-3.2490079846381397,1.3656520749613374,0
-0.25745461255400315,0.8121229057624545,0
-0.3064996924025791,2.215565367025481,0
-1.3364220692837705,0.8917080075110488,0
-0.8208594610628819,0.1266556291485863,0
-1.878990466450964,1.0546161568483639,0
-0.35248962872160794,1.5746649115050597,0
-1.6291684889688236,1.1908641887545202,0
-2.311450717987928,0.953483739832886,0
-1.0795065675080382,0.6503346076185298,0
-0.9288209506821612,-0.5702060533159472,0
-0.9477102402940464,0.3945492658925861,0
-1.1242869144095826,0.7905080190385223,0
-0.8967033948570723,1.369229349475864,0
-2.6650554107476467,1.0075928427291128,0
-1.9996424002958477,2.254294492698964,0
-1.3207832571422642,-0.7149372961030587,0
-1.0967783613710698,0.7720819919961817,0
-0.28731309525597326,0.40383284128492025,0
-1.3700136578633415,0.5898291616004077,0
-0.7056422810251961,1.6977813904233923,0
-2.002671026188386,-0.22645198384177667,0
-1.8272822812393263,1.5535417513212892,0
-1.0680846809837803,0.2358614439857929,0
-0.940360147306694,0.02147356854846938,0
-0.8704748662182108,-1.0022882344512287,0
0.7698439595024649,1.1478321490280148,0
-1.8785461935710492,3.3292365409128553,0
-0.7617582451943151,-0.30011609829424546,0
-0.9876240750984545,1.4952744019719124,0
-0.28635566667420376,3.1958461298897127,0
-1.3059151070984112,-0.8147612462509497,0
-0.3778430024725422,0.1589250600231037,0
-1.9375197860466713,-0.2602161697229599,0
0.04665311071315581,0.36445748492940777,0
-0.6400993429787698,0.41588332144344586,0
-1.3936180993469856,0.8076974677499016,0
-0.8496598076160987,0.24044499994914903,0
-0.5140708661722846,0.14301911949865842,0
-1.4200713424956384,0.8724917121468618,0
-1.398112650370162,-1.196317800554413,0
-1.1808169189149984,0.3971383339062575,0
-2.038050797668433,2.1368070389673677,0
-0.7192838903285927,0.8005523491034952,0
0.3733223974197868,1.0596869399606015,0
-0.08739600562152039,1.296336947051474,0
0.15886685474481266,0.8264356971243694,0
-1.9829104635395929,1.2970849901004624,0
-2.27489691390367,2.55548267177954,0
-1.174624793257564,0.9719910679468207,0
-2.4657149163728187,1.3103461685690634,0
-2.14496728896173,0.11773747182426453,0
-1.5750767400466446,1.172986298144498,0
-2.477510444906579,0.3404316003595371,0
-2.2645005307789696,1.1462091979453723,0
-0.6318838196613102,2.942812635504425,0
-0.31013046902981867,1.050333970403292,0
-0.3047524421869946,0.4381041006262971,0
0.9792516013183319,1.1346363753875384,0
-1.7531916139016248,1.293314824956354,0
-1.0285555317939374,-0.13055127677592449,0
-0.9923473816128799,1.7604792935407518,0
-2.1816424921928137,-0.6075340203990125,0
-1.0819672305868677,0.7825065109967071,0
0.7203624775842377,1.5781486339240338,0
-1.4132771023813284,1.9550837386952642,0
-2.4586046328990534,1.6630411620146845,0
-0.7725343674904193,1.2819120347314097,0
-2.435706472538189,-0.07832387612302472,0
-1.5533585183350174,0.2747179750239399,0
-1.684895235280595,1.8571811957871103,0
-1.479544802756532,2.46649549036373,0
0.38756230068695396,1.9392437781436986,0
-2.765401687858165,2.983171326028625,0
-1.3614100239898579,1.5455472901526535,0
0.029004197390293918,0.4796858710753209,0
-0.8320279485949797,0.5046849329746296,0
-1.4738908499797356,0.957549667701693,0
-0.8866725897102172,3.3939514273238145,0
-1.5190141423138153,-0.5180321576879467,0
-2.975469850972809,0.7035958382419947,0
-1.3181656529982289,-0.07519101276747775,0
-1.057940672192327,1.7009270467020396,0
-1.9313237308363775,1.662800695197057,0
-1.158357808018217,0.7581760870229873,0
-0.88095147426987,-0.048183888698098754,0
-0.7862451984477228,2.394831016242037,0
-1.856394153628122,1.6402157641984532,0
-1.9244765703534519,0.5835139170397873,0
-1.0464216297378366,0.8901183796311845,0
-1.771076099309619,1.1209586945681198,0
-1.012807918206345,0.6060113144780582,0
-1.9827402484930108,0.8509092645845857,0
-1.9686810442112201,0.2749419761419769,0
-1.1591790933618757,1.1781676878327767,0
-0.7108650066001764,1.310911562608599,0
-0.9511052198314787,1.1193509455667812,0
-1.3694721602524724,1.0671140771181096,0
-0.4005929307507735,2.7966956964389773,0
-1.6156515227858836,1.03313352523875,0
-0.8874135324709511,1.0222599875347114,0
-0.20096915927783043,1.1791685262754,0
-0.8741570301736665,0.6415212644760547,0
-0.12797885421140276,0.5597063668521607,0
-1.547340502206114,1.5370938301544173,0
-0.5892286868477135,2.0378648982375775,0
0.7051034611975178,0.4826817360834058,0
-0.6877419921468799,0.03772352052625261,0
0.30339074882759154,-0.07205780770828762,0
0.13362563258240878,0.30636665421789877,0
-1.089724243572093,0.4610645214635801,0
-1.0322299049298056,0.9935607013994788,0
-1.6680057712966954,0.6528844116119547,0
0.03780217747706405,0.24561140549780702,0
0.0187848465678222,1.0268090079072263,0
-1.4612401354774225,0.9513333587766271,0
-1.8420395856736629,0.8375584565499847,0
-0.7761922760093499,1.9247360488038274,0
0.16175792471381878,1.049875781295368,0
-1.676790644093783,0.13178445241828618,0
-0.6064647155078327,0.8323161321096137,0
-2.1712058887080747,0.6249563258843855,0
-1.0592611200741244,0.9552878450214077,0
-1.8877847864648643,2.069072010574269,0
0.2731715172606193,0.7497111359707003,0
-1.058497293565661,0.8335100086487139,0
-1.5911641541250365,0.4963725828461596,0
-0.717561312322526,1.2178846550434044,0
-1.538838581331396,1.9829332814835587,0
-0.8178869039626455,1.1153962245248452,0
-0.1539916495345266,1.472886597518412,0
-0.9037287776478622,1.0574022737150695,0
-2.6868715599767263,-0.36685371709779013,0
-0.012183472711258303,0.2788464205837127,0
-1.0086011856940251,1.373425633967123,0
-2.3980348289339135,2.02401415006239,0
-0.7845852120527478,-0.24433949492159424,0
-1.3465240995393313,0.3353362072540509,0
-0.051919385024970066,1.6274789398557183,0
-0.5446483370887489,1.4423090057762753,0
-1.249710906393328,0.7625850502214486,0
-1.3936339553665245,0.2342574014813379,0
0.5660832029839207,0.6248727233178017,0
-1.6929131659914778,0.32505171331956184,0
-2.4123675329984424,1.2514326943574594,0
-1.710027527859896,2.7259069556833264,0
-3.006921874355606,0.6393631379600961,0
-0.5526351189659431,2.3992206933373055,0
-2.05954291018743,1.14995207330686,0
-0.08954851291852428,0.6902526286972428,0
-2.0762201178530546,-0.25537151985286144,0
-1.3758753475493295,0.47628055906645594,0
-1.0580045158922249,2.115469387298714,0
0.040045423072814,0.6189534429606824,0
-0.8253546069099574,0.0933543160875352,0
-1.0071076094806501,-0.03573973133942565,0
-0.8451143419004351,1.499792747793138,0
-1.979769252024644,0.16920075788898814,0
-0.9692195636371929,2.11000278577342,0
-2.378215912640555,1.6695927694596138,0
-2.012543754240016,-0.06502083327837482,0
-0.5708641604068847,1.1647648118518565,0
-0.11015327780349526,1.1663822087750484,0
-1.3912659457443213,1.0184493241216197,0
-0.6775118989857112,1.6499644567513614,0
0.19251641080652737,0.4956685048018956,0
0.23678993632420275,2.5444342158102042,0
-1.3240282020814247,1.6853221635134297,0
-1.785087235425272,0.661515750237113,0
-1.392185341642495,2.5509755906223943,0
-1.5212948926861254,0.889437044322784,0
-0.4321046166175667,0.37993563290554033,0
-1.1212048590196486,2.7932149137077693,0
-0.4082687532768229,1.7797276136534133,0
-0.24264023327463435,1.3757547397707608,0
-1.6151538962990992,2.621198890473348,0
-0.5851892979073539,1.437165245491508,0
-1.4542642558401297,-0.138991481313683,0
-1.1803254289119502,-0.31766676260890914,0
-0.917944666290439,0.5900525505798169,0
-1.7369654393086937,-0.13712141318757443,0
-0.5666387713248473,3.7632875539802444,0
-1.5311722386208126,1.8814146418915842,0
-1.7480538180446876,1.2248368582965197,0
-0.9184396681148369,0.36358532700130186,0
0.5245184520889745,1.2576084638581486,0
0.45703484339242184,0.76844697549049,0
-0.22744119046688904,0.20335369108357093,0
-1.182061023267978,1.5591369756784688,0
-0.29436273553790127,0.12712176160957767,0
-1.2657772475254445,1.1008048703423634,0
-2.1093660731362274,0.05767323751974385,0
-2.7371506180020324,-0.18435113753222843,0
-1.625680551763522,0.3268851935849294,0
-0.6357162895913658,1.5685072703779679,0
-0.9897570913075608,0.036896715840562644,0
-1.5096936387861448,0.735659629615898,0
-0.9542495586784296,2.3052166535914025,0
-2.4026651417207985,1.2175172718924,0
-0.3183105703267335,1.5709915336488784,0
-1.628367200151111,1.0342914524605522,0
1.1909488290010186,-0.4050291531991528,0
-1.4316345086594855,1.625424039715035,0
-0.34521199295027505,1.4719789903217855,0
-0.8761085265524351,1.3998855586121308,0
-1.1683001893393956,0.8684861250041108,0
-0.4027320280629598,1.9600761807429714,0
-1.2786744189128847,1.5926393512602735,0
0.23322884120421827,1.3067674226786272,0
-0.6527228642201233,0.5538995951941735,0
-0.5132660714179944,1.9613178551185562,0
-0.8160529232315237,0.8023909553718926,0
-0.5015548077659802,0.9229496350721131,0
-2.374361932643957,1.1344755695209774,0
-0.3531121268007833,1.875312913124672,0
-2.6106088067097333,1.8566731054589836,0
-1.603424847576425,1.1387218843972808,0
-1.4495284068294558,-0.09979799653661448,0
-2.397913856140949,0.9427772816917233,0
-0.1584418299270519,0.22487148794100797,0
-2.2622906662358706,0.29426470634949853,0
-1.2208484947871618,0.3636943000302958,0
-0.2511214911932732,1.4778581829661597,0
0.003554703415139082,0.640173054490182,0
-1.0492193705896284,1.207708177353898,0
-1.84988856733744,0.2900521768044354,0
-0.5970588888447443,0.43778177335581425,0
-0.7970737661457667,0.15323080180206172,0
-0.7526816989666276,2.180877207606783,0
-1.6194922785342283,1.1078092228952316,0
-0.41737450891127503,0.09701556501387654,0
-2.0833360949142006,0.13804459338035013,0
0.9057924604406637,-1.4260802206324001,0
0.07126546315972204,1.7376801776077966,0
-1.6746639096778102,0.4817070907439782,0
-1.7228345243047989,1.5736824231465034,0
-0.19373948579931266,-0.331729820307632,0
-3.100293680822614,-0.04507476155035817,0
-0.7237209149116872,1.4157761165595035,0
0.3916771207214669,0.4172220550655653,0
0.033157724413850564,1.2092805048101174,0
-1.6603189887530427,2.2658373776849867,0
-2.1703463217816,1.9097464895189105,0
-1.4473606517378048,1.0742660475176706,0
-0.5957591684800357,0.9477058817432195,0
0.3814021792027307,1.5723976192414577,0
0.4233543242876523,1.9751944635247058,0
0.418223571571136,2.011474672238818,0
-0.8946727048701275,0.7050972257014235,0
-0.731253941141246,0.4625905663831651,0
-1.1055007189353292,1.3076235103522829,0
-1.057674942590082,1.457955282432531,0
-1.4897240445638618,-1.0195902952691571,0
-0.6981281408479988,1.5672285655156424,0
-0.8261066532245187,0.8560151288877257,0
-0.830517835730508,1.0077935004952632,0
-2.3718353763937463,1.3729772150924398,0
-1.5420401203380418,0.49917677362856594,0
-0.9728139307989624,3.2415904457441207,0
-0.9018720928082157,-0.32046424713111654,0
-1.3717101925962003,-0.1414851506037218,0
0.47259859398817694,1.4781313104276121,0
-1.680132481219803,0.39665073950428564,0
-2.317283381353721,0.5654826462873335,0
-2.1327957143712513,1.423032060834069,0
-0.462902929502953,1.2121795265528976,0
0.09503770832471936,0.048004704724723846,0
-1.5550960961256834,1.2773596478098077,0
-1.6772904223464,-0.626447771562479,0
-2.701909976541404,1.0314731963475616,0
-0.4627841820131885,1.4829078300728136,0
-1.5754798545827424,1.2023549701216416,0
1.3793401271382075,0.7062988916273567,0
-1.0253540794066374,1.8313042219887654,0
-0.3600180423869731,1.4927609143171707,0
-0.377791633272072,0.9040436257870126,0
-2.1155103673387172,-0.01518744178391418,0
-2.601954836405346,1.6889705525436154,0
-1.597571161130542,0.6163539183914273,0
-2.0912797972744475,1.1888273246406866,0
-1.451029288155107,0.8420881055889835,0
-0.08208436439268663,1.3375324390545371,0
-2.2307339432591426,0.145747632580288,0
0.06415548287882888,1.538911530207942,0
0.6331680724276825,-0.450517913803852,0
-1.0312615241672056,1.0656809547173631,0
-0.43401830093366833,0.4682512102526408,0
-2.630074073939528,1.2170643045298801,0
-0.14044064238396836,1.3410250991987562,0
-1.4906288675400994,0.8207115794335551,0
-0.6100419418171122,1.6204892541424702,0
-0.08152880882837032,1.5481173947708087,0
-0.07522658937751736,0.36396352317292646,0
-0.9989735701223352,-1.449208724773054,0
-2.0701991296453706,0.9287474128182809,0
-1.6169645761745464,0.6104054915142694,0
0.3916447699965082,1.7600878109142006,0
-0.17687085705469197,1.0287086231256848,0
-0.0006389367187779049,2.043359885882029,0
0.7913056679197188,-0.1986978199631675,0
-1.7167003253380946,0.24675391241662625,0
-0.43477015145227926,1.2691225432360442,0
-1.199998636542147,1.3245980621634936,0
-1.1813500691348147,0.48187920233978176,0
-1.0489010076126242,-0.9240876468994241,0
-1.4672191816827336,-0.01915928410964618,0
-0.9871279829889713,1.7499402269445783,0
-1.6969487392208122,1.4741839974577329,0
-1.5452354901969,-0.37237898086083954,0
-2.2188553196995455,0.6216693682201245,0
-0.8562780449701708,1.6452352087675366,0
-1.649553448956429,1.1452822302891106,0
-1.8321607237577435,1.845699258078966,0
-0.6779063598625592,0.010998271331915666,0
-1.9478823349391279,0.8385692491330845,0
-0.13136563112745214,0.10660459007295564,0
-2.4097456555069288,1.2204814597736076,0
-2.0470789315669737,0.2909997598075217,0
-3.221403757693788,1.5875451443539765,0
-0.17059496882859937,1.166337333234325,0
-1.2645410904888865,1.073261480208831,0
-0.2617769464745283,0.5802670282446623,0
0.9026784828519341,-0.40064448480724524,0
-1.4375260887124548,1.5514040184907283,0
0.6030411829308759,1.0141083220593312,0
-1.9460177425437686,0.24635421301662674,0
-1.7623550070056544,0.08469381209015381,0
-2.97215341165177,0.8548126426595029,0
-1.2004109307870048,1.6069101637933192,0
-2.628613588159752,0.22248104557397308,0
0.8016099145595752,1.7484889500013772,0
-2.7457451062673086,0.8448427594504979,0
-2.325464095735196,2.467975571153502,0
-1.014017519282649,0.2576810131449254,0
0.2744032794369735,0.13606034585838567,0
-1.171139914376149,1.3888170852510238,0
-0.33298426033682926,1.6923233879954336,0
-3.705369377535102,1.2822903236661125,0
-0.8332485746591201,1.2973706145066408,0
1.0972677719637112,-0.7673999168283088,0
-0.3626119385099277,0.9903987852376446,0
-1.4556871775634472,0.9138081749000502,0
-1.4028507160157617,0.9782551980237093,0
-0.370096604060007,3.124422561046556,0
-0.6180414588257264,0.7855715952783976,0
0.7892819979863015,0.19197937606689153,0
0.08866162269631661,0.8837366987041733,0
-0.598525394829301,0.6325929078752788,0
-0.8021670990475143,-0.7337195425930354,0
-0.8029262132705662,-0.2717786397749269,0
-2.5125322327774464,2.6088063447459184,0
-1.449434605566585,0.7162567433271247,0
-0.675010954662073,1.6095285567849,0
-1.4839744674682533,0.21776615295431723,0
-1.2595132496624561,-0.25048346739948624,0
-1.2564869033527444,-0.035979558344236606,0
0.5434829927714189,-0.13166179757267482,0
-2.1409147253376073,2.2270165239198008,0
-2.111814048278408,0.995014266892187,0
-1.8106567406017309,0.9882863962406814,0
-2.0097698716278085,1.0964926612837635,0
-0.4293109521252042,2.0457913061216617,0
-2.103291094678601,0.70770928502604,0
-1.5415251266175276,0.40138139623635205,0
-1.3396680147423765,-0.4769087801299565,0
-0.5731159876115687,1.8383678051078323,0
-0.3013550353213621,0.5356036503131008,0
1.1427631703160763,0.541033719012661,0
-1.1684134557325339,0.7722179352881692,0
-1.6083426889498944,0.04578060549513441,0
-0.8011855420269525,2.333287789834571,0
-0.8045116831205998,1.5698054063371432,0
-0.8619990959333126,2.0773459374336505,0
1.808940406418241,1.3870756428113316,0
-2.182719112454942,-0.006437899176782613,0
0.8602296864842776,1.2400399605115409,0
-0.317498374246477,1.7721562051325699,0
-1.233050727663556,1.8161760821198545,0
-1.4431330191971388,0.24221768885641004,0
-1.6154849527020874,0.613732805898106,0
-3.147731952427877,-0.612494255218522,0
-1.8391419369714939,1.4809419639900143,0
-1.0362867739388801,0.03817177399041738,0
-1.170368720821888,1.5137805446167456,0
-0.3534240036675528,1.1367159376731282,0
-0.3723177598303221,-0.16083208815588668,0
-1.5825174670904196,0.9512772859446594,0
-1.7818172871250377,2.2782876084958255,0
-0.00010188924555187828,-0.6023759203510841,0
-0.22129269328933487,0.7860583709407893,0
0.0002686385838042149,0.8325155821210849,0
-0.61712901131737,0.2773396357893195,0
-2.099539505709843,0.45915574744707444,0
-0.3973172324455573,1.0718533674515625,0
-0.3909696529479496,1.1678338486490416,0
-1.3337423231725516,0.010728702135374024,0
-0.6412794707897689,1.0521863891452716,0
-1.6123316526873004,1.2347710817268425,0
-2.196984534847753,1.6766875411100375,0
-1.3260321682117522,0.5598429632922162,0
-3.8496628957718295,-0.2759016822677465,0
-1.3571648246344865,0.5044703044366694,0
-1.8862803567481823,0.4688960959583355,0
-2.450867802369765,0.8042345952416696,0
-1.284779127478225,1.2832080585425172,0
-0.6397757455654514,0.41065409409232967,0
-1.5940132052089933,1.5074592283317978,0
-1.425210575438245,0.5883770141107484,0
-0.7782275727326864,0.23045759591499548,0
-2.327147102198862,0.8781393979378731,0
-0.2396090415303559,0.6732802672018099,0
0.0319471668727791,1.906732458096595,0
-1.087564441232886,1.3386698781092692,0
-0.7802378624436916,2.1075787733002986,0
-1.2874002852999529,1.9938758050450085,0
-0.03032118115591098,0.12114364618540463,0
-2.5347848077730095,1.1904037053656056,0
-2.0543160835197707,2.9818924066274786,0
-0.33938870804069954,1.2647582396666364,0
-1.9260650862808664,1.3654928130846624,0
-1.1077463100711071,1.1925350337195597,0
-1.7930830522232903,1.8092065285707366,0
-0.05333477360868344,1.1591906698266934,0
-2.0576418625455113,1.4160072605831924,0
0.060916648745625634,2.5316922149978374,0
-1.5407884508431877,1.5246295426527245,0
-0.8864237541173057,0.3979869298737725,0
-0.10100719333139008,1.2080674351220086,0
-3.532688672838029,3.2136589762228915,0
-0.5799275052227426,0.9755403441020895,0
-1.73442675172657,1.6660963133284856,0
0.8911436290968935,-0.407447934325899,0
-1.8581287439991412,1.4057471773209769,0
-1.7032038739392767,1.206095172305802,0
-0.4357400055437566,0.9513543941512355,0
-1.6407129576224084,1.918424030427098,0
-0.372650409965522,0.4286593145466654,0
-1.4901499315885576,-1.4789290413993195,0
-0.07262921693106028,-0.24735368850482797,0
-0.70917771392895,0.4054935479816826,0
-1.4673359262702095,2.02365679963333,0
-0.9545750299768003,0.18037426162989967,0
-1.6245844248811143,0.6175284242337,0
-0.5640070292804851,-0.26618610396980213,0
-1.5048325744157114,1.376121784501947,0
-2.0607738883106927,0.6924596639421523,0
-2.197024720601736,1.2688758698739537,0
-0.9571757390789617,1.3428620199498416,0
-1.1282132997410805,0.8982183318497683,0
-0.41570241615035775,-0.16434378085982715,0
-1.2436848601024215,2.6012498737203797,0
-1.026339809798043,1.4456371749581958,0
-1.3846596963236022,1.3792441428752638,0
-2.062174573984292,0.21859175192363034,0
-0.7064024101463062,-0.3559938297270977,0
-1.038100534093057,2.010333920360366,0
-1.1242311835501373,0.48895875796856225,0
-0.028639480796669337,0.7313324972263191,0
-2.3608042498439135,2.39092152659849,0
-0.8917173965010028,-0.38153202026054567,0
-0.08275818031534887,-0.2585407168250964,0
-2.005570015516267,0.12250664661729793,0
-0.28968787316765965,-0.871913842420019,0
-0.5226262987267019,1.4167235050703684,0
-0.839584640410309,1.1656495675110514,0
-1.0426994378513381,1.4396021972986293,0
-1.3534840914038533,-0.024024284100883975,0
-0.635033926645729,1.0475961476899533,0
-1.9264245684092407,1.3820212350776733,0
-0.059099905959812626,0.7530577613946603,0
-1.1342497924090331,0.4316838057304002,0
-1.7384428296259258,0.8257318252265756,0
-1.81423074563124,1.434257112491764,0
-1.2512881462213388,2.107871753106285,0
-1.5197122655716901,1.8639291823024027,0
-1.0943049278665045,0.694172809045994,0
-1.4262328641935662,2.6443510067212106,0
-1.5478856209170724,2.5492866737350575,0
-1.1076487757638849,0.9625131854087626,0
-0.9628025460432592,0.33275696074373773,0
-0.6271170014393743,0.854299614336704,0
-1.4074952654621264,1.5331539101324885,0
-1.2295498389608044,0.7704805030897084,0
-0.968717487665249,0.8057893527127524,0
-0.8710976825968177,0.584978335957034,0
-0.986402133294561,2.0471880445887134,0
-0.24757846617329948,1.7392415788666158,0
0.002042929440014385,0.516686112338274,0
-0.6132559489301758,0.4168699376270879,0
-1.2384809367436764,0.19385646587615335,0
-0.4695063708494054,0.42618120115150426,0
-1.7797677162930652,1.7249208543410897,0
-1.4203029316873796,0.11992345079193745,0
-0.914167729558359,0.6532159898670133,0
-0.587527731524228,0.3951927407392992,0
-0.1379692768267593,1.0889847555045673,0
1.8533479258204326,1.2644281754320332,0
-2.0966439183150394,2.246526331207638,0
0.24197817349363682,0.09485435402992404,0
0.01470938582970116,0.2577837601836075,0
-0.31409932132344687,0.18520845211234216,0
0.09451725734057592,-0.5665601398835092,0
-0.5540451788991565,1.562274684228098,0
-2.413521263626449,-0.05238990293071222,0
-1.7194435068123353,0.3833530202664245,0
-0.32324094237242207,0.9594497140767992,0
0.2929426230819061,1.298941869807102,0
-0.7620510330507687,-0.23980086381268784,0
-0.6159816140653862,-0.5045748036965514,0
-0.7493267233100744,0.8611970606602843,0
-1.4572024198395146,1.4175187225426698,0
0.09645321238959115,1.9579391868038585,0
-1.6394419496500807,0.5566195421882176,0
-1.5566835455553873,0.5059970066928328,0
-0.3442858340236593,-0.026496798155958956,0
-1.5505134923818966,0.9895696191560784,0
-1.1969586720363359,2.118104597606113,0
-1.261226300164752,-0.48946864265400114,0
-0.6436115653457867,1.8984550754700753,0
-0.5624262817479136,0.21202254936257536,0
-1.1864647558538284,1.233277841180414,0
-1.2067862979817305,0.6155197517881421,0
-0.24371322251739547,0.2040195096338676,0
1.181523397807461,0.9983429339542422,0
-1.0636153860185789,1.7152345095046047,0
-0.4351863508709445,0.9741742978935226,0
-0.6479066736801228,1.014649868165779,0
-0.5154768324912471,0.6283062209674453,0
1.107435562685863,1.3665384941202332,0
0.2750210740484038,2.39938580213418,0
-0.7785064951685758,0.6686630977826045,0
-0.6477597573770757,1.950473249974622,0
-0.5742134891176108,-0.8214882485603878,0
-1.452305707923185,0.23878236988992274,0
-0.7532705185033154,1.1936751494751425,0
-1.2462095964844215,0.47147568262272554,0
-0.5194700009676392,-0.05527334197481082,0
-1.9286609845430247,1.172755336612527,0
-0.09239913706437752,1.5799473897262337,0
-0.7163883684315779,-0.04193634114058531,0
-1.1562986071783536,-0.367293326405872,0
-0.9465990161070591,1.2638371679935556,0
-0.14397344121265276,1.2814514142746958,0
-1.6127202446958755,0.27968572659046986,0
-2.2316795770757274,1.2054979593247859,0
-1.0236599270420277,1.1543689247417068,0
-1.3460941131600292,0.3965525868288893,0
-1.948527701547139,0.31743816073675457,0
0.3750504575946072,0.6775637537163277,0
-0.27001743312075766,1.1526827667553872,0
-0.20356278170947895,1.6743863560126406,0
-1.1703415713235052,1.845578231041089,0
-0.6273030192975422,0.704273706373898,0
-2.1191841388924915,1.4060612318722945,0
-1.1201801544598113,-0.5397960514169635,0
-2.2243790002031547,1.8757983905928133,0
-1.5748133444615082,0.6227927899871624,0
-2.0977269100250946,1.6316049691502306,0
-1.9033419285185809,-0.8387892868117641,0
-0.6960741862166494,-0.47242573790717235,0
-1.310428920857525,1.0456359501853336,0
-1.2389442157881385,0.921128373537612,0
-1.9681439612685092,1.4634638628791543,0
-1.0741641605445638,0.8720172459909715,0
-1.315884377463005,-0.43552055832785164,0
-0.6447436544228831,2.782303904340102,0
-0.41362256013982124,1.0833461364587977,0
-1.0456351696491057,0.051895581470444596,0
-0.7846237973713042,0.3382758746827772,0
0.3906974832519814,2.714568101985961,0
-0.9934774897150501,0.7854791210185316,0
-2.8137934172616292,0.8563305497595535,0
-0.8715465546694926,-0.26393668529010994,0
0.3156006261563966,0.6201983489345866,0
-0.9611768578798852,0.2840521285831703,0
-1.6237993753172175,0.793229181358535,0
-1.815918178139091,2.5286791464254508,0
-1.067368944320079,1.1357441311281966,0
-0.16395162837143018,0.8423175580968069,0
-1.884054452711378,2.2944511244981003,0
-0.9190584585169342,-0.033080875931107645,0
-0.04823498163926254,0.44579927806074693,0
-0.647254706271047,1.183552226399615,0
-0.3441999068442393,1.4871711092413755,0
-0.801151177384363,0.8463778504835715,0
-1.1730437580189932,0.10656932617965265,0
-1.3838963429743454,0.239031625191366,0
0.17729720662115178,2.788593088354868,0
0.06644480768934757,0.6564144057528835,0
-0.880265752767716,1.6299712769485484,0
-0.7783900409462001,0.9273434586640874,0
-0.25594438257083674,1.1168611154607053,0
-0.5423611976978777,0.797153398630279,0
2.2012994140757822,-0.6746033778166352,1
1.062660422463169,-0.5428634842788922,1
1.6848255679429858,-0.8524834511407754,1
1.1211414013101622,-0.9527318098777955,1
-0.11982318046825235,-2.4247673474301443,1
1.1062934052143605,-1.413170396576425,1
1.7498175799063502,-0.27467997712604686,1
1.9933685465467874,-1.608439382901071,1
-0.3744772250376005,-1.6882871717014307,1
1.8574185748684107,1.160051046949786,1
1.2981121759459124,-0.15034521731505257,1
1.6866025273895815,-0.27802158054327086,1
1.337335687788735,-2.464120816525578,1
1.9170909908778833,-0.643467480503572,1
2.8554810327682505,-0.9949219038170793,1
0.3240908868578387,-1.1883646088198048,1
0.7402061132883437,0.4247892749552793,1
3.194679396714885,-2.9563399182498387,1
1.8490285175495282,-1.1257270441166993,1
1.6805177796542141,-0.9084573772156045,1
-0.9119724080666369,-0.9008134174713182,1
2.181643112195612,-0.5075652281467091,1
1.9296033012468428,-0.1203503717163843,1
2.7236606389285845,-0.9930457145993898,1
1.9000239140064377,-1.8999634761263107,1
1.5543954092625012,-1.7227827056586922,1
0.6163609373036415,-1.1989817221162122,1
2.202477042577301,0.505897262811025,1
1.7196573990707456,-1.3206910085477497,1
1.4010603336662404,-1.2978835361880732,1
1.0231352513639707,-1.0968470583504086,1
2.2590505786696857,-0.3994162724736535,1
1.3161709257108947,-2.8443679499965127,1
1.1939017964262881,-0.43851577354552207,1
1.3747983427622437,-1.3718528174596498,1
2.661505001252488,-1.2108976436584649,1
0.4931881514209566,-2.2198788160870793,1
1.0095885924853578,-1.2284034456076638,1
2.938562786572225,-1.7784629796121862,1
1.6104749414932962,-1.3139114229117244,1
1.0473086904386288,-0.06377370699294538,1
1.2852098220095267,-1.350195507564043,1
1.7300598449712918,-1.8247282844039319,1
1.4597125946158596,-2.1834236879042006,1
1.138832643199359,0.005133663829065771,1
0.9891890581434861,0.9911939371830176,1
1.1731567675691514,-1.0438858960507251,1
1.2561198251400922,0.10247023708622804,1
-0.694576770334763,-1.7262937719675897,1
1.045030032101336,-0.8272067385767434,1
1.6891331273498993,-0.7128938857529568,1
1.3125421197536642,-0.5777681652559314,1
1.9138476198071497,0.12261239890186748,1
0.6170307802506996,-2.3161038446120132,1
1.1729103140641701,0.07276833554570472,1
0.8858927301929082,-1.6587505220375598,1
0.8198227627277233,-1.8000762107014219,1
-0.7476466643379565,-0.47131805187388254,1
0.757073440427263,-0.4177891202505153,1
2.6653647491954398,-1.5191501609217724,1
2.472327746946074,0.03586656373550068,1
1.0872555173988236,0.7666782237550231,1
1.7604917363903785,-1.8046907593905597,1
0.9543140645847235,-0.06219778109090257,1
-0.25737096683018024,-2.1610843356562137,1
1.82956777896751,-1.666063085443644,1
1.9114617517192896,-1.337849744081277,1
0.3897922957566895,-1.4092593042799653,1
0.39277283712852185,-1.6731550653674494,1
1.4536089976414526,-1.9045030787814996,1
0.9602965976367032,0.9843479641129973,1
1.501071771675909,-0.1563485505636374,1
3.2951961277552915,-1.3883967219628413,1
0.9042214484126456,-1.2085318921524075,1
1.803980986750944,-1.1111511366667135,1
0.2353784792361312,-0.3555282054980755,1
1.7727705175197301,-1.239112925250457,1
1.653442014073828,-0.9827856682833708,1
1.5752322316574208,0.005038684724011144,1
1.3837489649725243,-0.6978408423530018,1
0.45853482030027937,-1.312813383628441,1
0.3677913943590275,-1.1947147736170693,1
0.6303410735164576,-0.8152939013559868,1
1.451559443567881,-4.011914273708619,1
1.1774044011487663,-0.05368363307201118,1
2.47688564740519,-1.3215236153800922,1
3.2273544576413964,-1.003473753801559,1
1.5019288670523405,0.009315179250829253,1
1.4413157178050953,-0.34826339559530484,1
0.9519305013917909,0.4367189079526024,1
0.864176252418794,-1.9846107676736975,1
0.23368516362565528,-0.18808219534486248,1
1.0414168464038585,-1.0324798090261702,1
0.9681331733554149,0.21540072167542168,1
1.8515985545275273,-0.8708254438946426,1
0.7803220797585084,-1.1005479191441394,1
1.9129422797810585,-0.3354480733912967,1
0.4556641469976985,-1.579907226486423,1
1.779413881181065,-1.0983585453891942,1
-0.8632999806062027,-1.5379113069737465,1
0.8368832640796263,-1.88661319020154,1
0.5168684788788387,-1.5828005972956167,1
1.9656471771756985,0.30399370780589097,1
1.8384997879550153,-1.8476708891942786,1
0.5984691758172982,-0.359147018888624,1
-1.3198356266102973,-0.5276529422554632,1
2.6601345050721337,-1.6830175872294513,1
2.8865726688592748,-0.7072597227796579,1
0.6598799130033384,-0.5786313707842909,1
1.0857068561152008,-0.7675581267842725,1
0.2327624906968362,-1.8856860860972435,1
1.5169211906948101,-0.9000055574329946,1
-0.16133579060935976,-1.1858164860676519,1
1.0935050959045014,-2.049742027425552,1
1.2836749965371312,-1.4313763780568518,1
1.199495016621773,-2.620065925780589,1
1.3550299980269727,-1.6632015980660226,1
1.2302043242638383,-1.9730292852382458,1
0.826338609915124,-1.1717017075216871,1
-0.18706564608449683,-0.04178920360091187,1
0.6281214528621384,-1.498550349034566,1
1.3611556636859727,-1.535734988725605,1
2.5572866548194435,-1.9618856019020554,1
0.49345377303029314,-0.3602537162544909,1
1.169209846280633,-0.4265842498709683,1
0.5037119970745977,-1.1220848386084292,1
1.043662647890461,-0.9539467998922265,1
0.8940871061408642,0.007056819999325947,1
0.8985956847001193,-0.016532485934808827,1
-0.5420823575722029,0.09237616184722053,1
0.5438187687290379,-0.1712211739726558,1
3.227513731625266,-1.0406537594244978,1
0.30033280160436826,-0.37525530873329804,1
1.9569418793878104,0.21028114406633125,1
2.2577099138155177,-1.4769157778007782,1
-0.8862072170930271,-2.3954221222642667,1
0.7885837821546273,-1.158079924989176,1
1.1074103064958725,-1.3340422491144877,1
0.19665136278294781,0.2315085640595118,1
1.9798488035799602,-1.0469452807542952,1
1.2195749483257898,-2.2231379061947587,1
0.4990410328259627,-0.8265205028670571,1
0.8952543265019324,-1.0100660091279205,1
1.0211551176880669,-0.8429189367760623,1
0.09075816825359606,-1.0439271396943308,1
1.179085362594096,-1.7320596175466416,1
1.913453964147744,-1.623001676025643,1
2.1206100939951984,-0.9251348861704709,1
0.6255306477098661,-2.566010038554978,1
0.7935656260188144,-1.3714618497567221,1
0.5265347280320949,-0.8897655212978213,1
0.19511939862341388,-0.5830165900248657,1
1.094923831715209,-0.8285965496852973,1
0.2774235031465039,-1.365915684677708,1
1.0921047382154951,-0.7797657218546733,1
2.564697284357905,-1.8399149202795804,1
1.0340443548741052,-1.5002364931297292,1
-0.11388097934527064,-0.50935052133842,1
0.2853837856720557,-3.083772281842194,1
1.8169859306886775,-0.6292186519057081,1
2.5891144621668265,-2.201888182814677,1
1.2463263519361734,-1.484299476192314,1
-0.8183377095590081,-1.442320889924911,1
0.059982676952562874,-0.24528453312347753,1
2.5009555679308995,-0.8650318383508828,1
0.5253713766343567,-1.1185417625547964,1
2.9883342184857824,-0.2032565247518634,1
1.5590101456820737,-1.2915838787552256,1
1.4952137407186208,-1.370587334195994,1
2.5002723699310954,-1.6138286572970681,1
0.08984512888023222,-0.5717045700577548,1
2.0126023442924,-0.14027221271975665,1
0.009661364990260934,-0.39706566132136945,1
2.2495919106507083,0.05550896008372885,1
1.0717218080346005,-1.08993399011882,1
1.788958668500797,-0.597916651164197,1
2.549332381986603,-0.22866398497844165,1
1.768293161245027,-0.613381339537646,1
0.10223394952815712,-1.134524211619822,1
1.1124636137560702,-1.924460178563454,1
1.5530416774621925,-1.142007859030035,1
1.2108773018920191,0.3663144866180512,1
0.7952827160565055,-1.4926421747340224,1
2.2592797861820086,-0.421799502224967,1
-0.8230821876427001,-1.3823549725203037,1
2.0903751770929357,-2.7272237950183427,1
0.24260486035416928,-1.5985809125624786,1
-0.5860160010362496,-1.7570463203957492,1
0.8012475224601274,-0.40231157775935733,1
-0.34270353249441365,-1.220705472058244,1
0.46308433612060407,0.2848803809012679,1
2.727599234934287,0.6763553304356758,1
0.6175770444076152,0.02294259903987883,1
0.6489963726923613,1.4254098499409,1
0.6457766446940725,-1.1864510011489704,1
1.634649389410404,0.08224395885725344,1
2.615186400411446,-0.9801438385183708,1
1.2363759815947393,-1.6233267858878293,1
2.6557884462850927,0.32907727164705625,1
1.5215817985806854,1.9810694129696684,1
1.4678587233235985,-1.0791200734706374,1
0.08267928255270862,-0.15285862620860713,1
1.918195944867676,0.510001742339613,1
0.46413325802626526,1.179057319030513,1
0.8513616587692153,-2.1885377294094956,1
-0.3882549194870495,-1.6743533520787623,1
0.135521468613927,-0.8080199729248958,1
1.6376368386173645,-0.9477200601473696,1
1.937567029119728,-0.5886807088176913,1
2.4548114322424404,0.17637918758266768,1
0.8570275088175535,-1.8751112664019343,1
0.7943736000567665,-0.28215864560592263,1
-0.012539718559795077,-1.5417950488637584,1
-0.46779031079035893,-1.7604460436190106,1
0.17229165007739755,-1.4428029410238867,1
2.284539828188991,-0.6714336417835164,1
0.18740585530387488,-0.9370437117153303,1
1.4498342839500502,0.044578894801256874,1
2.410960581746332,-2.911853498172528,1
1.608099948789591,-0.5837428639150721,1
1.6802830287068187,-0.3999537039552382,1
1.2280420387541426,-1.5445786787864977,1
-0.251765439032829,-1.601821355076514,1
0.2794809955413683,-1.591122481467092,1
1.719614834250817,-0.5499195323097348,1
0.8943830849761837,-1.7112831813858702,1
1.1593306758680315,-0.22456251898769852,1
2.0014840955369575,-1.5033774164074205,1
2.0745753058529974,-0.8855215225089073,1
2.7842462382762965,0.14454746657525375,1
0.5247960566350405,-1.0732728977676282,1
0.2837769741742717,-2.357069927393918,1
1.8898324876458275,0.15968542737206648,1
2.1635633030096195,-1.8848103562652527,1
1.1606118171559447,-2.3071681403374678,1
0.09257077290582039,-0.6611242880954593,1
2.0402106718732256,-0.31656504806157937,1
0.35250579924520176,-1.1679973417738778,1
1.2804010038338882,-1.0763956434497215,1
0.7309642650522983,0.24573333353591398,1
1.3554863182025598,-0.7326932444230416,1
2.6151814112244045,-0.6835693051782755,1
0.6753920477312529,-1.5977614053763327,1
1.1216580581843811,-1.1710911697739868,1
1.5774711902214018,-0.04754229041027269,1
1.4446793652368677,-1.858055185200068,1
-0.5547012049831148,-1.2154198039698445,1
0.6041913771127994,0.8304163134700346,1
0.5735166087159591,-1.2686710736048248,1
1.011736076780066,0.24481405943317425,1
0.49305620146393225,-1.1372646988201804,1
2.150033479085802,-1.1553766015513518,1
1.5546233491156212,-0.7142986187813368,1
1.0920487572786601,-2.305190163245948,1
-0.7082894034512002,-0.9973118962316917,1
0.706166642351447,1.221383519951908,1
0.389097424069639,-0.4282515194636656,1
0.5045009470164127,-2.6847458487473355,1
0.4639008811138199,-2.2243508287492655,1
0.7426035914692442,-0.3453467748575396,1
1.5513767857840088,-1.052137360845493,1
1.3751980190416007,-1.859847615591769,1
1.336202525108227,-1.2366465472991148,1
0.8662369455530787,-0.9520986711885793,1
3.7834231991505325,-1.0031537225347875,1
2.261694523069547,-2.0896255341790333,1
1.4520248368903044,-1.486281570613591,1
3.6455717870597297,-1.0918481021887636,1
1.2302188212410918,-1.222995065660613,1
1.806406901408516,-0.20794961495668418,1
1.3574092480102748,-1.3815453583522697,1
0.5257620676422099,-1.4477129522602248,1
1.4898561455689145,-2.2419920919958636,1
0.5545087035442552,0.533146881287633,1
1.5511733615831624,0.1418424385877688,1
-0.6699690840862671,-1.814514336532084,1
-0.7868314149399556,-1.8810649654588407,1
2.3659957190964747,-2.21262274295074,1
0.6954997299660497,-1.2064703821722362,1
-0.42426999320769565,-2.890736400559459,1
1.251793050293763,0.024907432329190238,1
-0.3079319893740018,-1.4726190825987093,1
3.1184419016363103,-1.513818173723536,1
0.8550314614240226,-1.724345868341437,1
1.1726057365383424,-2.2915660117860357,1
1.6368707153078905,-0.7260708597700005,1
0.3538626240006454,-1.718801860592471,1
1.3378515916280211,-0.5853570225869342,1
0.789050821205747,-0.5660687313348101,1
0.18164412508799932,-1.5859851216321963,1
0.7576477717818679,-0.8484897145545377,1
1.6531598625870623,-0.05778382849282715,1
0.6601355952946548,-0.8910618679853115,1
0.4080482541605429,0.818713005634129,1
1.7621689600692028,-2.678665241548294,1
2.578304948392552,0.41375434713266057,1
1.1588841448965521,0.18783099933820657,1
2.4524991049813667,-1.4832242699268212,1
-0.3727719805464422,-2.1747462141963387,1
0.25168066592166705,-1.9315420009018165,1
2.1125307764109387,-0.2691269961138629,1
1.4580541245074938,-1.8568124940005615,1
0.5272015065042059,-1.5722122212458363,1
2.138267862992781,-1.873133099258228,1
0.9000727247348727,-1.5024072764773027,1
-0.08991932052252527,-1.3475034638016512,1
1.4325487024615742,0.07325797310379967,1
0.961095244564044,-2.073641640958362,1
1.075887238665647,-2.1375050175469745,1
0.003909992080979308,-2.1515075142904587,1
0.8968881219029429,-1.372616544139374,1
0.22979100774660177,-0.8396128320220569,1
1.0170199202942332,0.49504865053827296,1
1.9615883315155336,-0.14149969862972478,1
0.8437580795455883,-1.166263814784327,1
2.0690405896762063,-2.048858098062251,1
-0.6416280199198627,-0.7881717439263207,1
0.6779934002163989,-1.171529587383766,1
1.7811704763259382,-1.304110121306133,1
2.663827049394413,-1.234199247909998,1
2.4249518660525577,-1.5519872683938565,1
1.0202489530710415,0.09636054033157948,1
0.192251443399302,-1.3569357343861785,1
1.1242944466179123,-0.22968276987739467,1
1.1880824245831678,-0.21387173681899363,1
1.335795291740874,-1.904911346272421,1
2.59602093841318,-1.6596923924399456,1
0.4994747131557805,0.5620724474155414,1
-0.8863812818612538,-1.3493404018831228,1
1.0120688297001454,-0.702238829561933,1
1.5036882633110387,-1.686695976440963,1
0.3849733310894068,-1.1118716859947853,1
0.04470063642717659,-3.828466860378909,1
0.3816343194362647,-0.7385060512392376,1
1.1818006922404551,-0.5392833696988866,1
-0.3757682393302544,-0.9509566806713192,1
1.070707022171246,-1.598662045440011,1
-0.5297200750018911,-1.5090873937284475,1
0.47373056061523267,-0.806895679507038,1
0.17474126661219214,0.6504849926409355,1
0.39476574772247486,-1.2870355058950644,1
1.5324602336346334,-1.0504901783153153,1
0.8978866018507924,-1.749616242965765,1
0.10777422270831039,-1.5243817390409873,1
-0.7645606802923022,-1.1408491212252125,1
1.4771399876333655,-1.7423505993118718,1
0.6698039838374119,-0.13731890498328003,1
1.7357230372845391,-1.1187272985592562,1
0.8397491286645509,-2.201622777569371,1
1.6618352439309996,-0.7146933748774316,1
0.07500711001628602,-0.2120627319714221,1
1.15076248871334,-1.9341476398231228,1
0.40147941286179833,-0.7239050032581946,1
0.9122530371553684,-0.7374233403128876,1
0.06525735316919634,-0.4008546531026137,1
-1.0737178471994526,-1.1926348824236364,1
0.1270563442629401,0.6347256774316978,1
1.351585670857143,-1.984413100629581,1
0.9621468070303514,-0.4976220509610684,1
0.564587017275318,-0.9641611726577359,1
-0.5453002619625686,-1.331246745663357,1
-0.8081121237714481,-1.1261391968783203,1
-0.8467931870171408,-2.239851374725748,1
1.1862407458325122,-0.7702375854723033,1
0.9300686424670077,-1.264620905385573,1
-0.17975183736818212,0.5037099881233653,1
0.53703520859562,-1.7903260988433987,1
1.6543586260131957,-1.7681829026494742,1
0.9899578092364663,-0.3303174674641842,1
1.7173167337418267,-0.24063340575077952,1
2.0802693271076924,-1.4071008198202848,1
0.5287853538583169,-1.7911399019949732,1
1.0332205060408655,-1.4579177984090026,1
1.063321100760609,-1.5602229911008814,1
-0.42385625388731896,0.010438052501938522,1
1.6261313823896437,-0.42097345599788805,1
0.38862274906369576,-1.414559466789393,1
-0.05576207530587185,0.04568722610527476,1
0.26235712622234886,-0.5860203110826663,1
1.2853101576966808,-1.4640096149485708,1
1.3934036183303489,-0.07885134967145058,1
0.13877397991190954,-0.6250343889795849,1
0.9573098392567374,-0.8374840293887836,1
-0.1338938933478957,-0.24369497810694885,1
-1.4069842724433426,-0.7722477986171494,1
1.0203459225455616,-0.5364099049041515,1
-0.26285331453320326,-1.2139691882732302,1
0.2633505676584603,-1.0650800229991852,1
1.140346326901073,-2.109974212143025,1
0.0352220695796307,-3.56441714264192,1
-0.205755671664692,-1.5400198883023903,1
1.6435953093315854,0.34861191158744,1
0.3562701550866153,-1.1620533841571261,1
2.3725739708123426,-1.6743335749889985,1
0.4448276146163186,-0.9959045590874048,1
2.605491971531773,-0.23790209980655508,1
1.1835690771626026,-1.0993288424656433,1
1.3104676401952737,-0.659943518364572,1
0.6931137960771703,-3.0728013751404943,1
0.12741317525209217,-0.2494015242947354,1
1.0476840249158847,0.0905018609052124,1
0.8334979686596281,-0.7993593996940671,1
0.5417494612480237,-0.9094353263386987,1
1.3371827806627015,-1.610289094168631,1
0.7772372447216209,-0.732986788921918,1
1.7836186149060773,-0.4888632882285828,1
1.3765673870679616,-0.9287664972613024,1
0.5099357594139736,-0.623661917734331,1
1.1031096484999074,-1.7067033827265998,1
0.9657958833351898,-1.3724666202978018,1
-0.3105041401921158,-0.983117746442884,1
2.3542177233219554,-0.5720115155281593,1
1.2382970337366592,-1.166277492720285,1
-0.1497010380491881,-0.03869668008086624,1
-0.33004531656287295,-1.3081370929895066,1
0.2693052093555558,-0.23239813261682862,1
0.41293029433738593,0.01986989927114191,1
0.8838510497849471,0.43209327891432725,1
0.25985901827519,-1.9221009869216468,1
2.706052839249357,-0.3226290771214896,1
1.4737402519446534,-0.3122368934483598,1
2.0191358723988317,-0.6053184296598597,1
2.0198536181992326,-1.2505525793647099,1
-0.636969605954262,-0.8172452987014661,1
2.8387122516843295,-0.22131836285707984,1
1.0093011786328,-0.30553844495284677,1
1.3053125487491726,1.4092071147157612,1
1.8480402616397877,-1.194715429358971,1
0.45873096157664084,-2.047314639013792,1
2.557948626606719,-1.5698301095300238,1
1.3598345380012147,-0.7963653326187856,1
0.756634282215283,-0.853497761848664,1
0.2910690187546272,-0.5427486282960137,1
1.2321028160363596,-1.389537532403299,1
1.5661338165164365,-0.8832843400459132,1
-0.230959871684983,-2.2794799274874435,1
0.7457536916355509,-0.41988483565851376,1
1.2034332353983748,-2.7986627043208454,1
2.3172672009085558,-1.4582571709871852,1
1.342408989098576,-0.9042323283471302,1
1.2270931386593218,1.0881961264962325,1
0.11603267911910631,-1.9793997209176166,1
2.109319214364135,-0.9077584712872897,1
-0.05725592512727129,-0.9147052713117299,1
-0.758544432342946,1.0540050423939507,1
0.18058322097904267,-1.0606596152738927,1
1.9061198851646248,-0.6097550054725434,1
1.4095296055043425,-3.0017297830437912,1
0.21362556886004058,-0.47745522044294253,1
-0.228491293035461,-0.2432581406751575,1
0.03390813228480849,-0.5177651311950056,1
0.12478786094835237,-0.6050650590236784,1
0.09271602528924827,-0.6525971178825665,1
1.668762227249168,-0.6328736981803247,1
0.5101073233467175,-0.9333104361539073,1
1.9057073191337768,-0.7504691210529282,1
0.195510750033828,-1.7796649451829591,1
0.6042975663749324,-0.3003940499827791,1
2.90151428268722,-1.6357212953383597,1
2.4902068996761892,-0.5834411033484105,1
1.0107653834132944,-1.9412538562880663,1
2.601253455963313,-0.7461211062048745,1
0.8740505341250551,-0.5536795636138547,1
-0.8999764061962874,-1.249352774193918,1
2.9463457563222053,-1.335354703712956,1
2.1336263446201973,-0.17824039372729683,1
1.298902898750565,-0.43926192721333834,1
0.5486147325673358,-1.9061291973677092,1
0.7876864333866466,-0.5337693283847812,1
-0.43783544424342113,-0.4202430117784153,1
0.6596614368468541,-1.1434568837260508,1
0.27330424751333504,-1.8663068009474388,1
0.20731084574471093,-1.4971868740869172,1
1.5037289278173498,-1.227894318055168,1
1.266022470469285,-3.088891129670931,1
2.5987813215350233,0.744438229298549,1
1.6791110144067845,0.04858841905118538,1
0.8543142244930281,-1.8335860639863486,1
-0.1433592111184041,-2.330415508753269,1
1.3475419792443695,-1.2384803671010074,1
1.0607284469802336,-2.726052969569689,1
1.8441035824285275,-0.9513822261972534,1
1.1736474297188846,-1.7228517122475049,1
1.2076354885370983,-1.1154286767016652,1
1.5021131096572982,0.41296566609591756,1
-0.23769587730202169,-0.33286201734245746,1
1.094523758606966,1.548283717956887,1
1.2594033499331854,0.5515164356462467,1
1.2176213996131324,-1.498757279881147,1
1.4346448064452944,-1.4253958714571329,1
1.901748523807062,-1.5138334383249163,1
0.004688501493736452,-1.21712879110802,1
0.39543320585630304,-1.3758601575062526,1
1.1137952814154934,-0.8441191803459517,1
2.6857609377600955,-0.24569549530934665,1
1.130077725497349,-0.41135392841738383,1
-0.3517928426766199,0.1340637045182269,1
2.4051470266736015,-1.1456735772362214,1
0.8616882662429837,-2.1731642769922948,1
2.491268432061415,-2.958488874998735,1
1.33919495818855,-3.7446357009045608,1
1.4231953910192623,-1.3062952402961625,1
0.5105430252678631,0.4984711301214908,1
-1.3453462949679307,-1.710244057830574,1
0.39698474184226396,-1.2712757742562169,1
1.3640616390614657,-0.21457537234299773,1
1.7330125902085598,-0.7643487349057326,1
3.1133619483460655,-0.5065146292548741,1
1.4194170843777758,-0.08315274183468202,1
2.9802045756802316,-1.7807361780299802,1
0.7462738733215029,-0.15694425078181062,1
2.4638864828994307,-1.06878287549619,1
0.8629810826811074,-1.7657715363467839,1
0.9476040152520016,0.5652300977818956,1
1.8627706281579997,0.6757057083418931,1
1.3151917734985732,0.2196597856616671,1
1.255563431711114,-1.7385208263255283,1
2.40531742965983,-0.4587532273621976,1
0.32203294200595134,-1.3128372727679116,1
2.503838625655588,-1.062430934376054,1
0.4759313839636883,-1.9410670154934109,1
0.6696298331236872,-1.7238802198440801,1
0.0565808730577928,-0.4652017385753724,1
0.7917352359964573,-0.7477734525603821,1
1.2099604408264106,-1.705061757142567,1
0.9435470451807153,-1.3398209476220586,1
-0.8918541626145771,-1.7532935383766224,1
1.827068071723105,-1.86822980196618,1
-1.0249085777902338,-0.024674876962396897,1
0.8698925196177119,-1.837236151531729,1
1.5332532972031903,-1.2773319695720102,1
3.205295662333744,-1.269973192636255,1
-0.10745592306371865,-1.4197828941256492,1
0.7259582670166095,-2.382650094108967,1
0.4992566673679366,-0.5733679878465772,1
2.0897791315034087,-2.0685936402388294,1
2.951069866661477,-1.565321032299566,1
1.1276013064322368,-2.0220419207920566,1
0.10449656622303383,-1.2474900557411346,1
0.21392854801625927,-1.632052461073174,1
-0.772476083223713,-2.09798199595165,1
2.516536664335268,-0.8540030480763408,1
0.7347666719008044,0.03682003975337045,1
0.6190010094820373,1.7249326300351506,1
0.44996103519384845,-2.122039147669561,1
1.3035072666428507,0.6374496743827691,1
0.5035650329891506,-0.9249039146690757,1
1.067931571105405,0.03086650119239276,1
2.0157500317310744,-0.40777712329991966,1
1.5370558546117699,0.051176214639440776,1
1.1264136345502904,0.12034832167493303,1
2.409123369838547,0.9272534007718956,1
0.7508262509469175,-0.21174183023829363,1
1.3450563863702154,-1.6253233955905708,1
1.486774135922172,-0.43999855320429304,1
0.4705686454257635,-0.47696405238679385,1
-0.673326279495958,0.22686907156659397,1
0.6736897667391073,-2.2773053917573627,1
-0.9902260461713059,-0.9736271484477061,1
0.6452917259543252,-1.1729141473793923,1
-0.5654607099620885,-0.7703979086415831,1
0.31772707517457344,-0.33461706517435585,1
-0.4791722948396011,-0.2810190624350355,1
-1.1483844851978322,-0.06767194144670396,1
1.0237296788797239,-0.2636571364490069,1
-0.1875962444207664,-0.13412628148282346,1
0.24907447266741556,-0.7305974322995596,1
-0.302755721618315,-0.3179504826757278,1
2.147020327517276,-2.081928397368371,1
1.8526280854930537,-1.6632858426323218,1
1.6190665229467212,-1.326606920727023,1
0.9904230987536259,-0.3667745361971264,1
1.2997089296133322,-0.09413893607217738,1
2.8872494143009693,-2.2245307766295106,1
0.2838528374305316,-1.2932695303483484,1
-0.02448252826463615,-0.03349126202888064,1
3.4497018863460833,-1.6047219756326365,1
-0.08543155504296629,-2.836737421048615,1
1.0455261192803738,-2.2190825905743865,1
1.5208825911373114,-0.0892591713269878,1
-0.1746243953676938,-0.9858011330557068,1
0.916386543937838,0.29343054385790124,1
0.41339642473214755,-0.6988004000107194,1
1.4365264116168919,-1.995585365467739,1
-0.9849724705831862,-0.6071014500238496,1
-0.13373083489309745,-0.1308858475409609,1
1.6097478825311684,-1.376225533642135,1
1.6180413747773248,-2.191190398814132,1
0.6155185240150497,-3.015514603494146,1
2.11678920846566,-1.296244908963712,1
0.9350498733842407,-0.17272844030512302,1
0.051101699962814995,0.010102370407994332,1
1.612402771606194,1.4392083279387977,1
0.8763722384840328,0.5103661814173508,1
1.341276517071666,-0.1523698562717848,1
1.6595644190600978,-0.9313566099123433,1
1.1147534125668126,0.2702031497446713,1
0.8645607230750672,-0.9199556943753032,1
2.3075814089884954,-1.8952740740480172,1
1.266164048230906,-2.663903883342476,1
1.6437027775488302,0.47295298720598367,1
1.0560144454759697,-1.7088736758739038,1
0.899843556129019,-0.5503767075504827,1
-0.5698766942077762,0.592319533832278,1
1.3385974416302542,-0.7646456909060257,1
0.7145534416272475,-1.3092530143735193,1
1.50116357563377,-1.0581005227516127,1
1.461985659906988,-2.1856295766065514,1
2.0089858096178386,1.549983205642933,1
1.5432482316609986,-0.0005794214275464116,1
1.9382920412809543,-0.902351376399288,1
1.8896461305860477,-1.415097458935597,1
0.909735935550085,-0.05897639025299617,1
0.11529926909081523,-0.5394235642551007,1
1.7176657385577503,-0.5957495143895619,1
0.2154884258187436,-0.6284387763989809,1
-0.1261973954970348,0.07576831476885482,1
1.304847714346944,-2.191111685631237,1
1.581727987258588,-2.9518293756232303,1
-0.17212797919053702,0.14239624407301177,1
-0.7451463426651619,-1.5518342296399883,1
-0.06668367433444566,-1.8213721737515578,1
2.0308146830078098,0.1716628434743548,1
0.4621268734219469,0.6283910536474866,1
1.4289322833913314,0.39020678435802436,1
0.12527472785808424,-2.003598465539762,1
1.1074388292223998,-1.545560304615262,1
1.627542711031402,-0.7916049772056435,1
1.3277280621044656,-1.6014183599555416,1
0.411647922856998,-1.7184338103773769,1
1.1674160025205527,-1.206835068083058,1
2.8215235182375427,-1.0579991496058931,1
1.4290126074555327,-0.6196925275997878,1
-0.6099725358135888,0.3332065753829696,1
0.9609842107642337,-1.2973648903037691,1
1.644231940475032,-2.8841669515476287,1
0.5662861208850487,-0.33685639798236067,1
1.4473673036379053,-1.277580531448515,1
0.6798942337873461,-0.41291402012803935,1
2.005234498471518,-1.1452345046136254,1
0.7236157400013699,-1.264233622880488,1
-0.09272945707097424,-3.0375084589921544,1
0.6944406388412505,-1.8888291808212747,1
1.188290875769179,-0.43331267367953163,1
0.33013187015896195,-1.111714441553627,1
-1.3633608948996403,-3.7510056922383375,1
1.4554442598163062,-0.2304501065524246,1
1.433627348650551,-0.8169678624427392,1
0.13831802206015298,0.03975267421195294,1
0.8340590500238856,-1.35836361297109,1
2.2184359316703524,0.2055041296619844,1
1.310299429069315,-1.0866447805025252,1
1.0196261301376428,-2.024089556833771,1
0.8513070602502344,-0.8832304268158112,1
1.8531959742222432,-1.5993047930770767,1
0.14675356982822185,-2.2835729768324233,1
0.19921499666934428,-1.0457459540039278,1
1.126737110584096,-1.2354599085539848,1
0.3088762888043777,-1.8805299370823843,1
1.212002739859264,-1.023699390065081,1
0.29730314040672423,1.4882065207684088,1
0.7274405743077297,0.05703457790810029,1
2.0718520046403963,-0.30736162258593736,1
0.7458688016903021,-0.8010612399490092,1
0.9877092264931179,-0.39654425654125836,1
1.9589428572577579,0.5808727335869333,1
-0.05097797626109046,0.6107490761945578,1
0.6013075782888813,-2.4385774503706568,1
2.051436732840699,-0.9857935436924976,1
2.095414207725657,-0.611663397875585,1
0.300786943650592,-1.2654356236077244,1
2.0521720185004337,-1.3251774302429569,1
1.2502178881960844,-0.853412174455487,1
2.515549672219869,-0.9643154862104321,1
0.4928870683345321,-2.3222599113907743,1
0.6024991200112004,-0.9808125320902511,1
1.145642823671931,-0.7930983272259049,1
0.8263514370170454,-2.342227221048123,1
-0.6012115071902853,-0.9748789348513988,1
1.2925898186959957,-0.15040384217747504,1
0.7411118534833954,-2.989161083174209,1
1.2063441835306146,-1.2975031306774643,1
0.7110492069282439,-0.4306602630439419,1
0.9905244527822048,1.032177731081057,1
0.6878666185392326,-1.7081540257091632,1
0.445226752020791,0.6689742234000413,1
2.2783184288325398,-1.7560619218812272,1
0.7560840246421756,-1.4581745636480283,1
0.5937428017203032,-0.885558492220068,1
-0.4104304037421034,-0.9454149747019288,1
0.016728490328450807,-0.008694127504400906,1
1.132348913586669,-0.9992605865367041,1
2.2805790823261094,-1.0742259051304215,1
1.2150949084864293,-1.7333779770247855,1
-0.41155720463288725,-1.2676489669215465,1
2.1116668700679626,-1.3075799399792445,1
2.4010863648521976,-1.0717095292401595,1
3.1479470727060215,-1.2442085142442505,1
0.12324057221258511,-0.4416687577194184,1
-0.37418491026004097,-2.200687784694824,1
0.6434122331819307,-1.2744952987503997,1
0.2318645631538605,0.2899941842160274,1
1.6703062721879438,-1.1940665794817567,1
-0.11166963419315912,-1.1034263200531038,1
0.3613930490718823,0.017289809174155568,1
0.12819951470739965,0.15889572421940623,1
0.6816284046866599,-0.5087436426908483,1
0.13095965484014427,0.47171099910733605,1
0.9354967200772537,-0.5178683764369174,1
1.1331537534563898,-2.237457122679058,1
0.8824914236434304,-1.6786101526097092,1
0.4261199440305572,-1.0063079925116074,1
3.1802643325657742,-1.3142099752774639,1
-0.18889114972413767,-0.6374515908415526,1
1.9730426918287298,-0.7773949405707913,1
-0.9694890960570834,-2.454105836698842,1
2.302386142385462,0.3406474409828144,1
0.8695759249568946,-0.9568853397027295,1
0.5322739890544269,-0.544090784146506,1
0.11398430199567755,-0.32645173005444983,1
0.7321247470693548,-0.494055436990252,1
0.28283136049416535,-0.7263021221330039,1
0.5962031889357207,-0.3608102568838685,1
0.07997804704242417,-0.26496484705172507,1
2.857354771034961,-0.7608082672660417,1
0.823641402466805,0.1446712950014284,1
1.0897749643289418,0.3358325204758821,1
1.1404531718213522,-1.7217096157278724,1
1.4530694408965497,-0.2836314771590073,1
1.050231792761494,-1.1753630683141105,1
0.6602388371606285,-1.27111825875423,1
0.8810993318851155,-2.324272204016867,1
-0.5063451013878288,-0.9354556339368929,1
-0.060141033254637266,-1.2035059931427814,1
-0.21918345093629266,0.5866150148267302,1
0.3870460460519499,-1.8008375301169306,1
0.9722696535020396,-0.03955124414035183,1
-0.21176093963200082,-0.5151307891236259,1
-0.0019908023111812057,-0.45840370663898056,1
1.5712976960240939,0.24445602957557133,1
-0.3966559685966873,-1.8626157020831775,1
0.5184890940307421,-1.1151864698612237,1
1.5458592639580349,0.8486104376608063,1
1.3758065989548633,-0.6115035871051386,1
-1.3689566642305255,-1.4501503741717832,1
0.8046453117252964,0.8110435434385477,1
1.573888768546508,-2.0746884527603235,1
0.7625866994913207,-1.7627961709106492,1
1.2831322530482425,-1.4365157981390546,1
-0.5492570749299908,-0.5008160571278851,1
0.8850262563176765,-2.6421337384579964,1
0.17979162295710216,-2.0922163017641866,1
2.0492843678492916,-0.4483476886835679,1
2.3449545355499914,-0.7865193217585537,1
2.8053367488415315,-0.924340080477385,1
0.7177325846443133,0.5811493331464719,1
0.26833291590358055,-1.1090286517325407,1
1.5738784338662886,-2.5654129747389787,1
0.8177466244388185,-0.22575065847504228,1
0.27485207072732787,-1.9761334469860592,1
1.043327846413181,-1.0001327045328041,1
0.634747498309463,-1.3247631417183976,1
1.0772943292151662,0.08207074675408821,1
1.3877756357403253,-0.4537631755106286,1
-0.22242575518140595,-0.326987194074459,1
0.8741983518433645,-1.6760942730915929,1
0.8936059754022107,-0.32457408419295597,1
1.1738582066156,-1.4796290518950417,1
0.9385063772538078,-1.4297979584493605,1
0.8667371847149185,-1.733318780509761,1
0.2835121816824766,-1.9448975532677872,1
0.7689663581550796,-2.4269815696866104,1
0.08724072787782744,-2.187979204217947,1
0.5541570242003045,-0.21257957444378262,1
1.248917100804881,-2.8188467685285237,1
-2.0226620007441083,-1.050159212133364,1
3.31124917288216,-1.0025219653950437,1
1.2823294549244943,-0.9086873604754283,1
2.0617649547789005,-1.6148469190535262,1
1.6206050327046642,0.5239910221665876,1
0.20946447950809333,-1.947116524647844,1
1.5038768087221999,-2.394676762042858,1
0.22322069947827594,-0.9385417076802017,1
2.4350488420169443,0.25105063221310986,1
1.3862878156116243,-0.6415266686201496,1
0.33915605014603367,-0.28203450653044226,1
1.535345798514983,-0.6783973680424731,1
-0.14450806490179824,-1.8804052905496929,1
0.8757859150667269,-1.5072922922264946,1
0.9774992285610306,-0.21734341732427054,1
2.158362055083404,-1.9300136004067436,1
1.1855310252886937,-0.014404852732992413,1
2.0425334438137615,-0.47715996677916706,1
0.04180968366621585,-1.4062398353658236,1
2.2596838038124196,-0.762454664320862,1
1.6679464932131163,-0.6400762800466187,1
0.7528738204498322,0.27594313440689255,1
2.0453281766524722,-1.5057950618329374,1
1.0172159901252065,-1.2399979982081057,1
0.8145756266065479,-0.5078945539390347,1
2.4087670278322912,-2.422897012978309,1
0.8140874031268421,0.18593519147320392,1
1.1022829951336148,0.06268411194506385,1
2.201881058339665,-0.5880623263924308,1
1.3603323823965268,-2.2373972621214966,1
1.0257266784358592,-0.6416796749887139,1
1.2066194615141932,-0.2724170354463914,1
0.8207369722858093,-1.1385049376310172,1
0.6119522343685708,0.050669451051928105,1
0.8735525087656446,-0.17546266409466338,1
1.6514820884761932,-0.7645429272588088,1
0.8425484849613111,-1.4405378534940048,1
1.6021814826869403,-1.149706059055,1
0.31896698430734916,-0.4910834814848729,1
0.8542920896039157,-1.111099566258763,1
1.6786641470972654,-1.722759272791459,1
1.261485541974135,-1.5094772615246175,1
2.0303450387592905,-0.22591520320239156,1
-0.09891278998423347,-0.680913009569828,1
1.4796838860421921,-0.7809197990810068,1
0.3346015123980852,-1.3561676220747656,1
0.3096728515216245,0.36939687186904635,1
0.09788855133505459,-1.885102588782947,1
1.3625783797770477,-3.170104865579896,1
0.9765684463843196,-1.3082105813131932,1
0.738126808972212,-1.3600712501721315,1
1.3273184472747328,-0.03189672069021565,1
1.67949706915501,-2.0783330845508017,1
2.1431921163830463,-1.7049114216862895,1
0.7836679083061909,-0.5834914561759788,1
0.804489164070898,-1.885099455260209,1
0.9971880765238813,-1.6598866565054262,1
-0.45450914699732836,-1.1982270713376686,1
1.7647412655878185,-0.39593355466608937,1
1.895742799843411,-1.231104868265127,1
-0.5353555114538615,1.0480351918631308,1
0.4821894896758656,-0.6257101095652604,1
0.9246447801018409,-0.9180870177530346,1
0.882804726115756,-1.8190769454899673,1
1.6316296104223877,-2.182038475156852,1
-0.25645717124800615,0.22817059413377305,1
-0.11133217213627389,-0.23466555446425563,1
1.9032037244106075,-0.30416519180322543,1
2.3232108532625695,-1.5323995520849518,1
0.9052279736143434,-1.3900375744350917,1
0.5259771220767606,-1.8397767771288294,1
1.1446710515466325,-1.5748120944142276,1
0.38728203367410274,-0.12297929933277918,1
0.24994506031776043,0.4250194872632225,1
0.1335745434472666,-1.7456480493484667,1
1.9655616007546284,-0.9588472475404468,1
0.5181090867786478,-0.8421309507564826,1
2.822519079124498,-1.101751650692906,1
1.5159397478018168,-0.8039649954618606,1
-1.0038951884935727,1.1427644158364982,1
1.9745778447009132,-1.7207735765224694,1
2.2066954654438327,0.06027814158079958,1
1.6298233051304378,-0.700182806600581,1
0.23378140474045728,-2.4685222800233175,1
1.2852790201783173,-2.923561490707085,1
-0.1409968294291979,-1.5442127937906518,1
-0.3332158357602606,-0.24635150982681686,1
1.4531712186292527,-0.7836283335277991,1
1.7284011151828718,-1.2419985688429391,1
1.0806789851231957,-1.6496933566116705,1
1.8851351406677745,-1.2788751843892714,1
0.7077004830131899,-0.6134078855505789,1
1.9614581249237604,-1.3819710307626278,1
2.512210202420184,-0.5667313557113919,1
0.7928732128778654,-0.46940932018648696,1
0.7710201062951458,-1.1932970593234073,1
1.1968870871584885,-1.9287294889616207,1
1.2075405522055678,-1.4547677433922375,1
0.6873707158609744,-1.5713795022260464,1
2.153126651205964,-0.31690110746328426,1
1.6362808655760048,-0.7416058790662817,1
1.4852663734088563,-0.7884076009420119,1
2.419364965060142,-0.18374077894843677,1
0.2405170461825903,-1.0407562167714899,1
0.9913578713581701,-1.9377575255237645,1
0.7961307836746185,-0.3759003163520306,1
1.9561981917950635,-0.9887839647764157,1
0.2907770167636443,-0.3469135848691718,1
1.1387322212368622,0.4455188962693868,1
0.23287050624913963,-1.3272113846248852,1
1.392192721887805,-1.0748958077762951,1
1.9478142907335045,-0.5354065723632051,1
-0.806133380728963,-0.05129544907724937,1
2.0818908063425994,0.14228962036488513,1
1.5647117359548677,0.1497874389211864,1
0.16901858472249975,-0.99122878684838,1
-0.4603098637957581,-2.0281677778792218,1
3.458954834539635,-2.2381827787927895,1
1.1047363149101015,-2.0449054636173924,1
1.524131449891017,0.2011684363388957,1
2.538149650961503,0.23035354425197907,1
0.4753629869824679,0.24036402544067115,1
1.1778598480894131,0.21281581964510665,1
1.196618075896684,-2.156465677863367,1
0.9701309905770934,-0.8902403463665721,1
1.0345225099588442,-0.307180653449979,1
1.7167004780928719,-0.4395047088250137,1
0.6354352382536774,-0.2691569530769986,1
1.775289401536385,-2.626112862027263,1
-0.49832833429117995,-2.7373396427848777,1
1.1274802490300861,-0.32828928998051976,1
-0.7660819733436244,-1.8843739227118448,1
1.3572041670835704,-1.6755894501192543,1
2.379842007885366,-1.6430571573165007,1
0.19565207526703632,0.7987977700510369,1
1.4799130427668616,-0.2953264867406773,1
0.3190038934397976,0.6109875824868192,1
0.26692125725968063,-0.9566472985254627,1
2.0324086401801518,-2.0910734705267715,1
-1.3528078347938481,-1.4523904773275542,1
1.6381826072509087,-0.12639543909872775,1
-0.26542101769575543,-0.7917520348176131,1
1.2414683683713212,-1.805929609513064,1
1.7924895074006275,-0.5016716337596951,1
1.3114191307597722,-3.2807381397945634,1
1.4841614425593914,-2.276543299079827,1
0.17663314266987518,-1.269655585971167,1
1.1829610034550522,-1.6677822713935493,1
1.6437329317260145,-1.4851249958343329,1
1.4806218635293722,-1.4887564006545055,1
0.11274724405277403,-0.961418929820197,1
1.8024968631571379,-1.0523112645760002,1
1.6813787950837564,-0.04353716672129937,1
1.7823032173486975,-0.3148390502239786,1
1.388078625948463,0.5673822805354378,1
-0.21062310600943257,-0.7525881476002011,1
2.181966869406504,-1.3294665808683037,1
1.0055817738165906,0.0054062346972687525,1
2.3785977038677784,-0.9411030401950701,1
0.7969643206747183,-0.9190871666934755,1
0.386832281009304,-1.5561290856337002,1
1.551670688119596,-0.4555915172328435,1
0.9166651007490737,-2.144071802140815,1
1.2180829892621703,-1.9417683519781783,1
1.3295307898871243,-0.3833489678034433,1
0.38369296061663916,-0.012003164723082715,1
2.0936297952582485,-0.3615451427923253,1
1.6703974917507094,-1.9124185749942444,1
0.36952940678235435,-1.486350711472942,1
-0.5687923093757585,-1.8069590508956064,1
0.8194772757812678,-1.4867957292220404,1
-0.3526129271474343,-1.4926815356754641,1
0.1803526329665347,-1.1978778800272074,1
1.9971043752037556,-0.4744757902448562,1
0.6049061169789542,-1.3735970239410114,1
-0.09506919587899798,-1.7948178320868216,1
0.6271987194408754,-0.6335272746433888,1
2.357044326839418,-1.021705980616294,1
3.3596623866014346,-2.1693919593861573,1
1.2002330110711286,-1.2901236270103764,1
0.6324249286863612,-1.1925037890430072,1
1.1797768168526606,-0.3211902058961952,1
2.1944795338821548,-1.3366600970324285,1
-1.1774371811718334,-2.5630647214736895,1
2.073832054438779,-0.7236126175689885,1
1.0703718008851275,-1.8458311217490544,1
1.342973155202577,-2.2682195787254407,1
1.2209897320308485,-2.175917970449156,1
2.194798089223357,-0.2441673453732639,1
1.559836670252829,-1.5913380450743118,1
1.1130258469544774,-1.1253837031015443,1
-0.7177976351049782,-0.4195958418994973,1
1.0007388752051445,-1.091960140906204,1
1.8702318180240296,-0.5088304440529123,1
1.9964107774213824,-1.4182377035508913,1
2.262456528004856,-1.7250934753403233,1
0.4747365547884158,-1.897802707815276,1
1.82218123922976,-1.2669188806169758,1
1.8451499232243362,-2.554043998880635,1
1.2155925445782148,-1.6141801733845438,1
1.914555448875633,-1.4966021009295767,1
-0.6279879487308013,-3.4334104890765977,1
1.1592124489405642,-0.9616729852002157,1
0.08299518564656694,-1.870963144667697,1
0.11007769771336318,-1.5209166196993291,1
1.8308501699204394,-2.3037490322776257,1
1.4400153669516396,-0.6392467114500171,1
0.42777821317774123,-0.5294439248071141,1
2.2988983717891758,-2.5378955484859693,1
0.8855572196717167,-0.7739872843782892,1
0.8289272923041284,-0.9525827891969906,1
2.0686078587166765,-1.6967450971512998,1
0.9656982350568165,-1.3451415033968717,1
-0.23290684831385633,-2.5280553585284258,1
1.250788459200125,-1.5070468928087868,1
0.6968370315945058,-1.0225750290293094,1
2.5704958291263114,-0.6141843206508526,1
1.6304393146787928,-2.2301064480004706,1
1.869166794389611,-2.7152212628530537,1
-0.27396411438059354,-0.8310412372414879,1
0.4273044793518972,-1.5420074133860489,1
1.4148970673734371,-0.12339177902269549,1
2.6265396222817987,-1.8059281229046344,1
2.428512569433393,-1.1721365407845656,1
-0.8426147597146385,-1.4581943650288751,1
